cluster-id,label,argument
0,日常生活の不都合,何を買えばいいか分からなくなる
0,日常生活の不都合,部屋の電気を消し忘れる
0,日常生活の不都合,毎日献立を考えるのが大変
0,日常生活の不都合,エアコンのリモコンがなくなる
0,日常生活の不都合,冷蔵庫の奥でいつのまにか期限切れになっている
0,日常生活の不都合,家の中でスマホをどこに置いたか忘れる
0,日常生活の不都合,家の鍵をかけたか分からなくなる
0,日常生活の不都合,床屋に行くタイミングがズレる
0,日常生活の不都合,アマゾンで購入した食品の賞味期限を一括管理してアラートを出してほしい。
0,日常生活の不都合,夜ご飯提案
0,日常生活の不都合,料理の再現
0,日常生活の不都合,賞味期限切れを防ぎたい
0,日常生活の不都合,ゴミの日忘れてしまう
0,日常生活の不都合,ネット注文の品が思ってたのと違う
0,日常生活の不都合,日用品の残量確認を忘れてなくなってしまう
0,日常生活の不都合,家の鍵を閉めたか不安になる
0,日常生活の不都合,長期間家を空けるときに必要な確認
0,日常生活の不都合,消耗品の在庫管理
0,日常生活の不都合,賃貸物件の騒音状況が住んでみないと分からない
0,日常生活の不都合,物件の壁の薄さ（防音性）が内見時に分からない
0,日常生活の不都合,服のコーディネイトの効率を上げたい。今年何を買い足せばいいのか無駄がないのかわからない
0,日常生活の不都合,早起きなのだけど、外出時間までつい準備にだらだらしてしまう
0,日常生活の不都合,駅の中にゴミ箱があるかどうか知りたい
0,日常生活の不都合,忘れ物がないか不安
0,日常生活の不都合,帰りに買い物をする予定だったのに忘れてしまった
0,日常生活の不都合,コンタクト2週間の交換時期を忘れる
0,日常生活の不都合,晩ご飯、洗い物当番を忘れる
0,日常生活の不都合,友人に借りたものを返し忘れる
0,日常生活の不都合,買い物リスト忘れる
0,日常生活の不都合,鞄の中で鍵やイヤホンがすぐ見つからない
0,日常生活の不都合,家を出るまであと何分かわからない
0,日常生活の不都合,お弁当の中身がいつも同じで飽きる
0,日常生活の不都合,研究室の冷暖房が自動で消えてしまい，気がついたら室温が上昇している．
0,日常生活の不都合,100円ショップで，商品名はわかるが，ジャンルが不明な商品のジャンル検索．
0,日常生活の不都合,スーパーで買い物する際に，効率なルートがわからない．
0,日常生活の不都合,気温じゃなくて体感温度が知りたい
0,日常生活の不都合,加湿器の定期的なフィルターの消毒がめんどくさいのを解消できたら良いのに
0,日常生活の不都合,糠漬けの独特の匂いが嫌いな家族に伝わりにくくする方法があれば良いのに
0,日常生活の不都合,安くて美味しい一人分の料理を作りたい
0,日常生活の不都合,買ったコスメが何かを忘れてしまう
0,日常生活の不都合,以前どのようなネイルをしたか確認したい
0,日常生活の不都合,服のサイズを忘れてしまう
0,日常生活の不都合,どこで買ったかを忘れてしまう
0,日常生活の不都合,ネイルがひとつの指でも剥げたら気分が落ちる
0,日常生活の不都合,自分にとって必要な睡眠時間がわからない・すぐに寝られない
0,日常生活の不都合,外出時の気温がわからず、帰りに寒い思いをすることがある
0,日常生活の不都合,家がすぐ汚くなる
0,日常生活の不都合,掃除機をかけるのがめんどくさい
0,日常生活の不都合,皿洗いを溜めてしまう
0,日常生活の不都合,朝早く起きなきゃいけないのに夜更かししてしまう（スマホ見ちゃう）
0,日常生活の不都合,いつもギリギリに家を出てしまう
0,日常生活の不都合,爪を可愛くしたいけど塗るのが面倒、落とすのも面倒
0,日常生活の不都合,防水機能を謳う製品の防水寿命が短いのを長くできれば良いのに
0,日常生活の不都合,身に着ける静電気防止製品の効果が実際にあるかが事前に分かれば良いのに
0,日常生活の不都合,スーパーの買い物でマイバッグなどに重心を安定して崩れないような入れる順番などを指示してくれれば良いのに
0,日常生活の不都合,温暖化がCO2だけが原因なのかを確認したいので太陽エネルギーの増減をリアルタイムで見れると良いのに
0,日常生活の不都合,花粉症で花粉の吸引を抑制する不織布マスクと顔に合わない隙間を自動的に狭めてフィルター効果を高めてくれる補助器具があると良いのに
0,日常生活の不都合,朝、服装を考えるとき、外が寒いか、家の中にいるとわからない
0,日常生活の不都合,粗大ゴミを出す指定日を忘れないか心配
0,日常生活の不都合,次に髪を切る日を決めるのに予定を毎回確認する必要がある
0,日常生活の不都合,洗濯物を畳むことが面倒
0,日常生活の不都合,髪の毛を乾かすのが面倒
0,日常生活の不都合,歯を磨くのが面倒
0,日常生活の不都合,寝転んだ状態から立ち上がるのが面倒
0,日常生活の不都合,ハンガーから服が転げ落ちる
0,日常生活の不都合,大きな汗染みを作ってしまった時の恥ずかしさ
0,日常生活の不都合,家にお菓子があるのに、お腹空いている時に色々買ってしまう。
0,日常生活の不都合,ダイソーなどお店によって若干取り扱ってるものが違くて目的の商品を買うのに何個もお店を回った
0,日常生活の不都合,アプリで気温は見れるけどいまいち厚着した方がいいかなどわからない
0,日常生活の不都合,ご飯屋さんで、カバンを置く場所がない
0,日常生活の不都合,米を研ぐ行為が面倒
0,日常生活の不都合,天気によって服装の組み合わせを毎日選ぶのが大変
0,日常生活の不都合,教室の温度調節ができず、寒すぎたり暑すぎたりする．
0,日常生活の不都合,ゴミの分別が難しい。いつも怒られる
0,日常生活の不都合,買い物時にレシピを思い出しながら買うのが手間で整理されていない
0,日常生活の不都合,土地の価格を瞬時に把握する手段がない
0,日常生活の不都合,家に帰る時間にスーパーが閉まっていることが多々あるので、スーパーに限らず近所の知り合いに代理で購入してもらいたい
0,日常生活の不都合,洗剤やシャンプーなどの消耗品を買い忘れる
0,日常生活の不都合,どの種類の花粉がどれくらいいつ飛んでいるのかわからなく、薬を用意しておくのを忘れる
0,日常生活の不都合,気温や天気によって着る服やコーディネートを考えるのが大変
0,日常生活の不都合,一人暮らしだと料理や洗濯のやる気が出ない
0,日常生活の不都合,鍵をなくしたり、見つからないことがある
0,日常生活の不都合,洗濯物が部屋干しだと乾きにくい
0,日常生活の不都合,家族が食べ切れる量の料理を作りたい
0,日常生活の不都合,お気に入りのレシピをまとめておきたい
0,日常生活の不都合,寝る前にデバイスの充電を忘れる
0,日常生活の不都合,近所のスーパーや薬局で商品の値段を自宅で簡単に比較できない
0,日常生活の不都合,スーパーで買い物をするとき、一人暮らしで少量しか必要ないのにたくさん入っているものの方が安い時、近くに住んでいる友人や同じようなシチュエーションのクラスメイトと共有して購入したい
0,日常生活の不都合,雨の日と晴れの日で朝の準備物が変わるので、どちらで準備するべきか考えてしまう。
0,日常生活の不都合,忙しい時に限って天気の先読みを忘れる。翌日だけではなく3日先までの天気を起床時に手軽に知りたい。
0,日常生活の不都合,毎日食べる食品（納豆、牛乳）などを賞味期限から逆算してどれだけ買いだめできるかわかればいいのに。
0,日常生活の不都合,家族が買い込んだお菓子の賞味期限を確認するのが面倒。
0,日常生活の不都合,よく忘れ物をする
0,日常生活の不都合,洗車してないので汚い。洗車は面倒。
0,日常生活の不都合,靴の中になぜか小石が入っている。
0,日常生活の不都合,爪の端っこが裂けると痛くて最悪な状態がしばらく続く。
0,日常生活の不都合,髪の毛を自分で刈っているが、後ろを見ないで刈ることにリスクを感じている。
0,日常生活の不都合,タイマーは時間が終わった時にしか鳴らない。
0,日常生活の不都合,家族で同じものを買わないようにしたい
0,日常生活の不都合,家にある食材がわからない
0,日常生活の不都合,残り物に合わせて料理の献立を考えることが難しい
0,日常生活の不都合,近所のスーパーで一番安い店を探してほしい
0,日常生活の不都合,安売りの食材でレシピを考えてほしい
0,日常生活の不都合,夏が暑すぎて辛い
0,日常生活の不都合,毎日のゴミが多くて嫌
0,日常生活の不都合,冷房に弱くて夏が辛い。暑いのも辛い
0,日常生活の不都合,冷え性が辛い
0,日常生活の不都合,保存先を忘れる
0,日常生活の不都合,掃除をさぼって部屋が汚くなる
0,日常生活の不都合,祝祭日だけ目覚ましの時間を変えるのが面倒。変えずにゆっくり眠れないのも嫌だ。
0,日常生活の不都合,朝シャツに着替える時に冷たいのが不快だ。
0,日常生活の不都合,レシピを見ながら料理をするときに、いちいち計量するのが面倒
0,日常生活の不都合,家の鍵をかけたか不安になる
0,日常生活の不都合,電子レンジで温めたものを出し忘れる
0,日常生活の不都合,旅行などの荷造りでものを入れ忘れる
0,日常生活の不都合,家の掃除で、どこまで掃除機をかけたかわからない
0,日常生活の不都合,ご飯を炊いた後、残ったご飯を冷凍するのが面倒
0,日常生活の不都合,家を出るとき、エアコンを消し忘れる
0,日常生活の不都合,部屋が片付けられない。
0,日常生活の不都合,ズボンのチャックが開いていた。
0,日常生活の不都合,自分の商品をもっと売りたい
0,日常生活の不都合,何かをポケットに入れて、忘れて無くしたと思ってることが多くて困る
0,日常生活の不都合,スーパーで食材を買っても結局使わず捨ててしまう
0,日常生活の不都合,ごみを捨てるときに燃えるゴミ／燃えないゴミ／危険物などを一瞬で判別できるようにしたい
0,日常生活の不都合,ティッシュがなくなったときに限って手が汚れる
0,日常生活の不都合,昼過ぎにくる急な眠気
0,日常生活の不都合,朝きちんと起きれるかが不安
0,日常生活の不都合,冷蔵庫に何が入っているかわからなくなる
0,日常生活の不都合,欲しい商品がどのお店にあるのかわからない
0,日常生活の不都合,災害時、外出してたらどこに避難したら良いかわからない
0,日常生活の不都合,何の服を購入するか決めるのが面倒
0,日常生活の不都合,今日何を食べればいいか決めるのに困る
0,日常生活の不都合,部屋の掃除をするとき優先順位が分からない
0,日常生活の不都合,スマホや鍵など部屋にはあるのに行方不明になり、時間的なロスが発生する
0,日常生活の不都合,ゴミ出しの日をよく忘れる
0,日常生活の不都合,季節の変わり目で服装に迷う
0,日常生活の不都合,夕ご飯を何にするか迷う
0,日常生活の不都合,靴下の片方だけがなくなる謎現象
0,日常生活の不都合,部屋の掃除をしても数日でまた散らかる
0,日常生活の不都合,買い物リストを作っても店で見るのを忘れる
0,日常生活の不都合,今、なんの花粉が飛んでいるのかわからない（いつから、いつまで）
0,日常生活の不都合,朝まだ寝ぼけているが起きている感じで稼働してるようにしたい（ボットとか）→gmのDiscord
0,日常生活の不都合,自宅のPCを出先から見たい
0,日常生活の不都合,服のサイズがメーカーによってバラバラで、通販では特に選びにくい。
0,日常生活の不都合,欲しい商品がその店に入荷したかどうか分からない。
0,日常生活の不都合,手持ちの服でどのようにコーディネートするか思いつかない。
0,日常生活の不都合,服の洗濯表示が難しくて、正しい洗い方が分からない。
0,日常生活の不都合,朝起きれない
0,日常生活の不都合,何個もかけた目覚まし時計を消すのがめんどくさい
0,日常生活の不都合,よく忘れ物をする
0,日常生活の不都合,鍵をかけたか不安になる
0,日常生活の不都合,荷物が多いと鍵を取り出しにくい
0,日常生活の不都合,今日の花粉の散布量を「朝起きた時に」知りたい。
0,日常生活の不都合,寝る前に明日の時間割やスケジュールを確認したい。
0,日常生活の不都合,なんとも言えない天気、気温の時、何を着ればいいのか迷う。
0,日常生活の不都合,家の鍵を閉め忘れたか、電気を消したか不安になる時がある。
0,日常生活の不都合,デパートなどで位置情報アプリを開いても、現在地が何階にいるか分からない。
0,日常生活の不都合,商品の値段が、半年・年単位や週単位でどう変動しているのかが分かりにくい。
0,日常生活の不都合,スーパーやドラッグストアの商品の在庫情報が確認できない
0,日常生活の不都合,ゴミ箱が少ない
0,日常生活の不都合,自宅近くのスーパーで最安値の鶏肉とブロッコリーを知りたい。
1,ライフハックの不満,自分の運動・食事・睡眠のバランスが良いのかどうかがわからない
1,ライフハックの不満,職業を知ることができない
1,ライフハックの不満,政治で何が行われているか実績などがわからない。誰が正しく仕事をしているかがわからない
1,ライフハックの不満,税金の使われ方がわからない
1,ライフハックの不満,1日でどの行動が自分の幸福度を高めたのかがわからない
1,ライフハックの不満,健康診断の数値が悪化したときに、どの生活習慣が原因なのか特定できない
1,ライフハックの不満,自分の行動が「休息」なのか「逃避」なのかが判断つかない
1,ライフハックの不満,自分の感情が今「嬉しい」のか「悲しい」のかがはっきりしないことがある
1,ライフハックの不満,「今」は昭和何年に相当するのかがわからない
1,ライフハックの不満,相手が本当に笑っているのかどうかがわからない
1,ライフハックの不満,今日何回笑ったのかがわからない
1,ライフハックの不満,シミがどれだけ増えたのかがわからない
1,ライフハックの不満,設定したKPIが正しいものなのかどうかがわからない
1,ライフハックの不満,メモを書いてどこに書いたか忘れる。メモの意味をなしていない。
1,ライフハックの不満,今日、どれくらいの細胞が再生して若返ったのかがわからない
1,ライフハックの不満,今日、どれくらいの細胞が古くなったのかがわからない
1,ライフハックの不満,積読本や積みボードゲームが増えてしまう
1,ライフハックの不満,大学で一緒に休日を過ごす友達を作りたいけど作れない
1,ライフハックの不満,飲んでいる飲み物に利尿作用があるのかどうかがわからない
1,ライフハックの不満,コーヒーなど利尿作用のある飲み物が、水分摂取量にどれだけ含まれるのかがわからない
1,ライフハックの不満,エクセルで作っているのに、GoogleフォームからのCSVをわざわざ転記しているのが効率的かどうかわからない
1,ライフハックの不満,今、自分がここで反論しているのかどうかがわからない
1,ライフハックの不満,忖度すべきかどうかの判断がつかない
1,ライフハックの不満,子供にとってそれが虐待にあたるのかどうか判断できない
1,ライフハックの不満,夫婦間のDVは何とかして無くなれば良いのに
1,ライフハックの不満,設立など契約書の作成に専門知識が必要でハードルが高い
1,ライフハックの不満,サイトの登録の際に，パスワードを考えるのがめんどくさい．
1,ライフハックの不満,銀行勘定帳から、取引先名から経理仕訳を自動化するプログラム
1,ライフハックの不満,エクセルのセル内の文字列にキーワードを見つけると、自動的に仕訳をするプログラム
1,ライフハックの不満,エクセルに取り込んだファイルを、指定先のファイル形式に変更するプログラム
1,ライフハックの不満,マーキングした女王バチを、リアルタイム動画で探し出せるアプリ
1,ライフハックの不満,養蜂活動のスキルアップを示すNFT配布
1,ライフハックの不満,養蜂活動の参加者に参加回数と貢献度がわかるツール
1,ライフハックの不満,イベントの集合写真撮影に毎回時間がかかりすぎる
1,ライフハックの不満,Spotifyでフォロー配信の放送並び替えができない
1,ライフハックの不満,主婦の裁量や努力が可視化・評価されにくい
1,ライフハックの不満,自分のビジネスをわかりやすく伝える仕組みがない
1,ライフハックの不満,スマホの容量がすぐにいっぱいになる
1,ライフハックの不満,地域や国ごとの偏見がネットで拡散されやすい
1,ライフハックの不満,SEOや履歴によって偏った情報ばかり出る検索サイトばかり
1,ライフハックの不満,AIを使ったプロトタイピングが一般に普及していない
1,ライフハックの不満,学生や社会人がアイデアを評価・共有できる仕組みがない
1,ライフハックの不満,アイデアを出しても整理されず埋もれてしまう
1,ライフハックの不満,紙のメモは後でまとめるのが面倒
1,ライフハックの不満,資本主義において、結果＝お金に偏りすぎて努力が評価されづらい
1,ライフハックの不満,起業プロセスを気軽に体験できるツールがない
1,ライフハックの不満,起業や節税について誰も知らない
1,ライフハックの不満,アルゴリズム改変によりSNSで自分に不必要な情報を見てしまう
1,ライフハックの不満,遊び終わったボードゲームの駒などを収納するのに手間取る
1,ライフハックの不満,無料ユーザーでGPTを使用中に1日で利用できる回数制限になった時、他のAIでさくっと作成できると嬉しい。
1,ライフハックの不満,人間関係が面倒くさい
1,ライフハックの不満,貯金シミュレーションができない
1,ライフハックの不満,自分が使ったお金のありかがわからない
1,ライフハックの不満,漫画の最新刊発売日を簡単に確認したい
1,ライフハックの不満,無駄遣いをしないで貯金をするモチベーションがほしい
1,ライフハックの不満,インテリアコーディネイトが苦手。希望の雰囲気を具現化できない
1,ライフハックの不満,ローカルやストレージ、仕事上のデータがカオス。どこになにがあるのやら
1,ライフハックの不満,様々なプラットフォームからいい情報を受けても忘れてしまう、情報源がわからなくなる
1,ライフハックの不満,ポッドキャストでいい内容だなと思ってもそれがどれだったかわからなくなる
1,ライフハックの不満,クライアントリストがあるだけで、活用できていない
1,ライフハックの不満,無料で見れる自分が見たい動画を探すのが不便。世界超密着TV!ワレワレハ地球人ダ!!のスネークハンターが見たい。
1,ライフハックの不満,ルーティンメールを送るのが面倒。あと伸ばしにして忘れてしまう
1,ライフハックの不満,感覚を言語化するのが大変
1,ライフハックの不満,久しぶりに会った友達の名前が思い出せない
1,ライフハックの不満,未来的に僕のお金を自分の抱えるユーザーと共有資産化したく、AIで最適な環境を作りたい。
1,ライフハックの不満,持っている茶碗のベストな積み方がわかればいいのに。
1,ライフハックの不満,写真を結合して印刷しているが、今使っているアプリは4枚同時の結合ができない。
1,ライフハックの不満,クレジットカードの利用状況がお気に入りの金銭管理アプリに連携されない。
1,ライフハックの不満,家事のタスクをアプリで管理しているが、どのタスクをするべきか自分で考えている。やるべきタスクを自動的にリストアップしてくれたらいいのに。
1,ライフハックの不満,手書きのアンケートをレポートにする時にタイプ入力しているので、手間をかけずできるようなものが欲しい。
1,ライフハックの不満,為替レートを大手証券会社のサイトに確認しに行くのが面倒。
1,ライフハックの不満,近くの空いている病院を教えてほしい
1,ライフハックの不満,マニュアル作りが面倒
1,ライフハックの不満,好きな配信者の配信順がわからない。コラボ含む
1,ライフハックの不満,友達の誕生日が覚えられない
1,ライフハックの不満,プリンターが使いにくい
1,ライフハックの不満,目を瞑った写真や変な顔の写真を自動で見つけて削除対象の提案をして欲しい
1,ライフハックの不満,初心者向けに、状況に応じたカメラの設定や画角を自分の好きなテイストに合わせて指示して欲しい
1,ライフハックの不満,電話でしか予約できない店に電話するのがめんどくさい？
1,ライフハックの不満,現場やプロジェクト管理が人によって違うのをまとめたい。ほんまDiscordに統一してほしい。たまにめっちゃニッチなアプリ指定された時には。。。
1,ライフハックの不満,使ってないスマホアプリを整理したい。ついついたくさんダウロードして試してしまう。
1,ライフハックの不満,マイクラで次何するか悩む。建築が下手でセンスなし
1,ライフハックの不満,家計簿みたいのつけたいけど結局つけ忘れるとこ多くて出来ない
1,ライフハックの不満,デザインの修正を手伝ってほしい
1,ライフハックの不満,ゲームのログインを忘れるので管理したい
1,ライフハックの不満,出席時のログインが面倒
1,ライフハックの不満,毎日最新のAI情報を取得するのが大変。そしてたまに全く関係ない記事を見てしまう。
1,ライフハックの不満,mixiの広告連発が不便。
1,ライフハックの不満,今同じ曲を弾いている人とつながりたい
1,ライフハックの不満,DBの情報をLINEから引っ張り出したい。情報を簡単に引っ張り出せたら早くて便利だよなぁ
1,ライフハックの不満,議会の発言をニュースではなくファクトで事実からまとめてみたい。情報の波にのまれ内容に
1,ライフハックの不満,健康診断の結果がわからない。結局これはなんなの？って脅かされたり平気な顔してヤバかったり？
1,ライフハックの不満,母親の飲んでいる薬が多すぎるのか、それとも適量なのかがわからない
1,ライフハックの不満,顔の形に合ったパックが欲しい
1,ライフハックの不満,IKEAの商品が組み立てにくい
1,ライフハックの不満,お金を払ってでもちょっとした頼み事をしたいときに頼める人がだれか分からない
1,ライフハックの不満,家計簿をつけたいが、めんどうくさい
1,ライフハックの不満,クレジットカードなどお金を使い過ぎてしまう
1,ライフハックの不満,家族からの連絡を見逃さないか心配（LINE、電話、メール）
1,ライフハックの不満,メモのファイルを作りすぎて整理する時しか過去のものを見ない
1,ライフハックの不満,自分がどれくらい運動不足か知りたい
1,ライフハックの不満,やりたいことがどんどん増えて何から手をつければいいか分からない
1,ライフハックの不満,練習を決める際に、水泳と自転車とランニングの適切な時間配分がわからない
1,ライフハックの不満,毎朝のニュースチェック（日経電子版）に思ったより時間をかけてしまう
1,ライフハックの不満,インスタアカウントが多すぎて、どこに何を投稿すればいいかわからない
1,ライフハックの不満,動画編集をもっとすぐできるようになりたい
1,ライフハックの不満,写真を撮ってもあまり使う機会がない
1,ライフハックの不満,SNSで特定の人にだけ見せる投稿を毎回選択できるようにしたい
1,ライフハックの不満,推しのイベントカレンダーが欲しい
1,ライフハックの不満,ランニングの準備運動のルーティンが十分には覚えられていない
1,ライフハックの不満,定期的な引き落としの前に残高が足りているか気になる
1,ライフハックの不満,デザインのまとめ方がわからない（色・レイアウト・用途など分け方が複雑）
1,ライフハックの不満,薬が無くなる前に教えてほしい
1,ライフハックの不満,管理するパスワードの数が増え続ける
1,ライフハックの不満,日々、体重と体温を計測して記録。たまに忘れることがある
1,ライフハックの不満,家の近くの駅で雨に気付き、コンビニで傘を購入。いくつも貯まる
1,ライフハックの不満,イベントの申し込みタイミングを逃すか心配
1,ライフハックの不満,届いたメールが迷惑メールか迷う
1,ライフハックの不満,人の名前を忘れる
1,ライフハックの不満,会社を出る時、傘を忘れて取りに戻ることがある
1,ライフハックの不満,花粉症の薬で1日の回数2回や1回と1箱の錠数の違いがばらばらなので最もお得な薬を簡単に計算できれば良いのに
1,ライフハックの不満,腕時計型の改札通過タッチデバイスのタッチが左手首にあってほしいので右側にあるタッチ機器にタッチしにくいのを何とかタッチしやすくなれば良いのに
1,ライフハックの不満,反抗期の子供が親の言うことを聞いてくれると良いのに
1,ライフハックの不満,どうしても机の上に置かれる小物が増えてしまうのを効率よく整理できたら良いのに
1,ライフハックの不満,雨の日はデリバリーの配達人が少なくて配達してくれないことを解決できたら良いのに
1,ライフハックの不満,他人の生命を凶器などでおびやかして自らの欲求を得ることは何とかして無くなれば良いのに
1,ライフハックの不満,ずっと座っているので体力が下がっている気がする
1,ライフハックの不満,姿勢が良くなりたい
1,ライフハックの不満,適切な水分量を取れるようになりたい
1,ライフハックの不満,先輩にどのくらい頼っていいのかわからない
1,ライフハックの不満,毎日自分のやる気を上げてほしい
1,ライフハックの不満,興味ある分野の、頑張れる友達が欲しい
1,ライフハックの不満,自分の体調が悪化してるのに気づかない
1,ライフハックの不満,写真に余計なものが入り込んでいる．消したい．
1,ライフハックの不満,グループワークで誰がどこまでやったか見えづらい
1,ライフハックの不満,出先で雨が止んだとき傘を忘れる
1,ライフハックの不満,ポートフォリオ作りに時間がかかる
1,ライフハックの不満,おばあちゃんと話してほっこりしたい
1,ライフハックの不満,メールの要件をまとめてほしい
1,ライフハックの不満,パートナーとの記念日を忘れる
1,ライフハックの不満,体重増加の要因と飲食・行動の関連性が分からない
1,ライフハックの不満,出張経費の領収書管理
1,ライフハックの不満,X（旧Twitter）が不便
1,ライフハックの不満,雷が極近くに落ちる可能性がわかると良いのに
1,ライフハックの不満,会員登録時に個人情報を入れるのがめんどくさい
1,ライフハックの不満,いらないスクショがどんどん溜まって消すのを忘れる
1,ライフハックの不満,Pinterestはサブボードまで、Notionは関連画像が出ずアップロードが面倒
1,ライフハックの不満,エクセルのセル内の文字列にキーワードを見つけると、自動的に仕訳をするプログラム（重複・統合済）
1,ライフハックの不満,大きな看板に頭をぶつけてしまった時の痛みと恥ずかしさ
1,ライフハックの不満,興味のない話をおばさんからされた時の対応に困る
1,ライフハックの不満,在宅ワークを訪問セールスによって中断されてしまう
1,ライフハックの不満,「答えのないテーマ」を扱う話し合いの結論が、形骸化してしまう
1,ライフハックの不満,わかりにくいボードゲームのルールに従わなければいけない
1,ライフハックの不満,しっかりと運動する時間を確保できない（隙間時間調整や天候による制限）
1,ライフハックの不満,一つのメールアドレスに就活、遊び、メルマガなど登録してしまって何が何だか分からなくなる
1,ライフハックの不満,競合他社の研究開発状況が見えにくい中、自社が優位性を取りにくい
1,ライフハックの不満,ICカードにチャージする方法がクレジットか現金しかない
1,ライフハックの不満,サイトから相場を抜き出して、エクセルに落とすプログラム
1,ライフハックの不満,イベント用あみだくじアプリ
1,ライフハックの不満,物撮り撮影した写真の白抜きを自動化するプログラム
1,ライフハックの不満,自分の趣味に関する最新情報を一覧で見たい。
1,ライフハックの不満,PDFファイルをドラッグアンドドロップだけで要約するアプリ
1,ライフハックの不満,企業名を撮影することで、法人番号やインボイス適格請求書番号を検索するアプリ
1,ライフハックの不満,購入した本を、ISBN番号で管理して履歴を残すアプリ
1,ライフハックの不満,年間通して病院に行った履歴と費用、交通費などをまとめられるアプリ
1,ライフハックの不満,自治体情報誌から自分に関連する項目を呼び出したい。大切なことも書いてたりするので。
1,ライフハックの不満,人の名前と顔が覚えられない。致命的です。
1,ライフハックの不満,庭の野菜の飼育記録やどうしたらいいのか分からず枯らす
1,ライフハックの不満,親から子供への虐待は何とかして無くなれば良いのに
1,ライフハックの不満,見積もりを作るのが大変。ほんと泣きそう
1,ライフハックの不満,新規の事業アイデアを考えるのが途中で無のループに入る。結局なんだっけ？ってスタートに戻る。
1,ライフハックの不満,得た情報を理解するのが大変。私のおつむでの処理に限界。
1,ライフハックの不満,重要書類にハンコを押し忘れる
1,ライフハックの不満,電子マネー決済の方法がわかりづらい
1,ライフハックの不満,現金払いしたものの記録をつけ忘れる
1,ライフハックの不満,飲む薬が分からなくなる
1,ライフハックの不満,傘が必要なレベルの雨なのか知りたい
1,ライフハックの不満,他の研究と内容が被ってないかが怖い
1,ライフハックの不満,食べ物の写真でカロリーを表示
1,ライフハックの不満,PTAや地域イベント、ボランティアで働き手が少ない
1,ライフハックの不満,銀行のカードが1枚にまとまってほしい
1,ライフハックの不満,外出する時に雨の場合のみ通知してほしい
1,ライフハックの不満,プリンターの紙切れに気づかず印刷できない
1,ライフハックの不満,スーパー音痴のくせに音楽大好き。好きな曲に自分の声をのせてうまく歌いたい
1,ライフハックの不満,年間110万円の贈与は無税無申告なので、年間贈与の金額を管理できるツールがほしい。
1,ライフハックの不満,小雨でも傘をさすべきか迷う
1,ライフハックの不満,生涯学習社会において、全国の社会福祉施設で学んだ履歴を残すアプリ
1,ライフハックの不満,撮影したバッグなどの写真データから、メーカー名やモデルを類推して割り当てるアプリ
1,ライフハックの不満,Discord上に上がってくるテキストデータを要約するプログラム
1,ライフハックの不満,写真を撮影したら、テキストデータを読み取って、自動仕訳するアプリ
1,ライフハックの不満,スキャンしたファイルから、ファイル内のデータを取り込み、ファイル名を自動化するプログラム
1,ライフハックの不満,動画配信コンテンツの新作動画の口コミを知りたい
1,ライフハックの不満,変換機能がダメダメ（誤変換が多いなど）
1,ライフハックの不満,「いつ空いてる？」と言われた時にすぐ答えられない
1,ライフハックの不満,雨の日で傘がない時屋根が全然無い道で濡れてしまう
1,ライフハックの不満,一度やる気だしてやろうと思ったことのモチベーションが続きにくい。
1,ライフハックの不満,Xから情報を取るのが難しい
1,ライフハックの不満,同じ差出人からのメールでも、一覧画面では1通ずつバラバラに表示されて見づらい。
1,ライフハックの不満,自分に関係ない情報や広告で、メールボックスがすぐいっぱいになってしまう。
1,ライフハックの不満,PDCAサイクル専用のアプリがなく、既存の管理ツールでは進捗や目標の確認がしにくい。
1,ライフハックの不満,ディスコードのアイコンをチーム共通のアニメーションGIFに改造してチーム意識を持たせたい。『エンジェルうさぎ』ならば、既存のプロフィール画像にうさぎをモチーフにしたアニメーションGIFを入れ込む。
1,ライフハックの不満,コミットメッセージが適当になる
1,ライフハックの不満,ウサギの水・餌やりを自動化したい
1,ライフハックの不満,BOOTHアイテムのアセット管理ツールに今まで保存しているアイテムを一括登録したい
1,ライフハックの不満,BOOTHの無料アイテムを知りたい（投げ銭用有料版があるとそっちに引っ張られて検索対象にならない）
1,ライフハックの不満,BOOTHの期間限定無料アイテムを知りたい
1,ライフハックの不満,アップデート時のCHANGELOGを書くのがめんどくさい
1,ライフハックの不満,VRChatのツール情報が取りづらい
1,ライフハックの不満,自分の興味のある分野で「今日何が起きたか」を簡単に知る手段がない。
1,ライフハックの不満,Macで使えないアプリがある
1,ライフハックの不満,ほとんどの演奏者には演奏機会がない
1,ライフハックの不満,コピー機の使い方がわかりにくい
1,ライフハックの不満,スマホの通知が多すぎて大事なものが埋もれる
1,ライフハックの不満,雨の日に傘をどこに置いたか忘れる
1,ライフハックの不満,ツールの学び方がわからない
1,ライフハックの不満,家計簿をつけようとしてもなかなか続かない。
1,ライフハックの不満,落ち込んだ時の解決法
1,ライフハックの不満,悩み事の相談
1,ライフハックの不満,家庭でも会社でも溜まる一方のビニール傘。急な雨で困っている方に差し上げたい。サステナブルなループをつくれたら。
1,ライフハックの不満,行こうと思ってた映画と美術館、気づいたら終わってる
1,ライフハックの不満,通学時間帯の天気変化に対応できず濡れる
1,ライフハックの不満,会話バランスの可視化がしたい。自分語りで終わらないように、最後相手により良い形で話を返すなど
1,ライフハックの不満,要らないメーリスを削除する作業がだるい
1,ライフハックの不満,同じような資料のバージョン違いを分析したりしたい。どのバージョンにどのページが入っているか分からなくなるので…（内容と意図・方向性付きで）
1,ライフハックの不満,自分のキャリアや方向性に迷ったときに、具体的に道を示したり背中を押してくれるような“師匠”と出会う機会が少ない。
1,ライフハックの不満,チームでのアイデア出しにおいて、アウトプットの粒度が人によってバラバラで、議論がまとまりにくい。
1,ライフハックの不満,電話先の特定が大変
1,ライフハックの不満,夢の続きが見たい
1,ライフハックの不満,やりたいことを思いつくけどなにもせず忘れる
1,ライフハックの不満,スマホのDiscordで複数アカウントを使えない
1,ライフハックの不満,Xにスパムリプが多すぎる
1,ライフハックの不満,メールに来てる大事な連絡とそうじゃないのがわからない
1,ライフハックの不満,長距離ラン、中盤以降はきついし退屈。音楽以外で気を紛らわせたい
1,ライフハックの不満,Peatixでイベントを立てる際に毎回同じ内容を記載しないといけない？
1,ライフハックの不満,スモールサービス/ビジネスでの課金と利益配分をスピーディーにしたい＝DAOでのイベントとか（オープンウォレット×ステーブルコイン）
1,ライフハックの不満,毎回発注するのがめんどくさい → ポイント制でチケットをすぐ使えるようにしたい。クローズド？
1,ライフハックの不満,「茶会記」というものを毎回書くが、自動でやりたい
1,ライフハックの不満,推しピアニストがコンサートの宣伝にやる気がないため、海外での演奏予定が直前（または直後）しか分からない
1,ライフハックの不満,友人との待ち合わせ場所が曖昧で見つからない
1,ライフハックの不満,デジタルノートとアナログノートのどちらを使うべきか迷う
1,ライフハックの不満,グループワークでの役割分担が不公平になりがち
1,ライフハックの不満,傘を持っていくべきか迷った日に限って雨が降る
1,ライフハックの不満,日頃の行いをポイント化して記録
1,ライフハックの不満,迷惑電話チェッカー
1,ライフハックの不満,大人数のコンサートを運営する際、曲名のかぶりや出演希望時間帯などを考慮したプログラム組みが大変
1,ライフハックの不満,たまに誰が支払いをしたのか分からなくなる
1,ライフハックの不満,文字数カウント
1,ライフハックの不満,無料の範囲で経費のレシートを最小のデータ量でデジタル管理したい。
1,ライフハックの不満,自分に合った無料のAIサービスを知りたい。（診断）
1,ライフハックの不満,1日の運動した内容を入れ込むと消費カロリー計算と減る体重量目安を教えてくれる。
1,ライフハックの不満,雨が降る予報があったのに傘を忘れる
1,ライフハックの不満,ソフトウェアの運用におけるエラー管理が煩雑
1,ライフハックの不満,雨雲が来てるか普段の時も知りたい
1,ライフハックの不満,道具の説明も、パターン化すると予想されるのでマスター化して効率化を図りたい
1,ライフハックの不満,マニュアルをWordで書こうとする人たちがいる
1,ライフハックの不満,たくさんの曲の中から、調性やテーマ・難易度・演奏時間を考慮した魅力的なプログラムを組みたい
1,ライフハックの不満,レジでのスキャンエラーやポイントカードの読み取りミスが頻発し、会計がスムーズにいかない
1,ライフハックの不満,同じテーマで同じ日に茶会をしている人とつながりたい
1,ライフハックの不満,茶道具には「箱書き」というものがあるが、読むのが難しい
1,ライフハックの不満,自分の抱えている大量のスピリチュアル好きもしくはスピリチュアル活動者のネット活動を効率化したい。
1,ライフハックの不満,未来型の人間関係の形を知り、そのような人間関係を効率よく確保していきたい。
1,ライフハックの不満,新しいアプリを使う時分からない
1,ライフハックの不満,物の長さや角度を測りたいときに定規や分度器を持ち歩くのは不便で邪魔になる。
1,ライフハックの不満,GPTの入力欄とチャットの２つをコメントビューアーみたくリアルタイムに見やすく表示したい。背景を透明化できるといい。
1,ライフハックの不満,自分のビジネスで繋がっているユーザーの人生を効率よく正しい方向に進めたい。
1,ライフハックの不満,ゲームアプリのガチャのように自分のインターネット上のサービス業全てに活用できる最強課金スキームをAI化したい。
1,ライフハックの不満,楽曲分析が複雑。調が変わったところくらいはAIで判断して教えて欲しい
1,ライフハックの不満,弾ける曲のリストをシェアできる仕組みが欲しい（伴走者向け）
1,ライフハックの不満,通知が多すぎて大事な連絡を見逃してしまう。
1,ライフハックの不満,ポイントカードを登録せずにポイントがためられてしまう（ponta）
1,ライフハックの不満,一部デビットカードをスマートフォンに入れられない
1,ライフハックの不満,薬を一日何回、何錠どのタイミングで飲むかややこしい
1,ライフハックの不満,必要単位数と足りない単位を計算
1,ライフハックの不満,自転車のシェアサービスのアプリ操作が分かりにくく、利用時に迷う
1,ライフハックの不満,モバイルオーダー等、時間を指定するorその場で注文しなければいけない
1,ライフハックの不満,パソコンとスマホの使用時間の合計がわからない
1,ライフハックの不満,毎日の水分摂取量がわからない
1,ライフハックの不満,自販機でデビットカードが使えない
1,ライフハックの不満,お金をチリツモで使いすぎてしまう。
1,ライフハックの不満,思いついたことを一瞬でわすれてしまう。
1,ライフハックの不満,使ってるブラウザが対応してないサイトがある
1,ライフハックの不満,クレジットカードの請求がそれぞれ違う日に来るので、今月いくら引き落とされるのかが分かりづらい。
1,ライフハックの不満,知り合いにものすごい頻度で茶会を開催する人がいるが、道具が今どこにあるかよく分からなくなっている
1,ライフハックの不満,薬の飲み忘れが多発している。
1,ライフハックの不満,気づいたらスマホを触りすぎてしまっている。
1,ライフハックの不満,学校、バイト先、電車の中など色々なところによく傘を忘れてしまう。
1,ライフハックの不満,通学時間中に雨が降るのかわからない
1,ライフハックの不満,研究室の雑務のドキュメント資料の作成
1,ライフハックの不満,Googleカレンダーの通知が多すぎる
1,ライフハックの不満,天気予報アプリの降水確率だけでは傘を持って行くか迷う
1,ライフハックの不満,たくさんの道具の中から季節・フォール度・テーマ等で道具組を選ぶのが難しい
1,ライフハックの不満,SNSの通知が多すぎて、重要な連絡や情報が埋もれてしまう
1,ライフハックの不満,ドギツイ画像の広告が表示されると凹む
1,ライフハックの不満,暗号資産の見える化（どこにあるか分からない。リワードも分からない）
1,ライフハックの不満,人の顔をあんまり覚えられないので、名前の漢字と顔を組み合わせた（融合した）半ばイラストな画像を作りたい。
1,ライフハックの不満,インターネット上のセールスでできるところはAI化自動化したい。
1,ライフハックの不満,ユーザー毎の支払った金額と利用できるチケットとチケットの有効期限をより良く一括管理したい。
1,ライフハックの不満,SNSで時間が溶ける
1,ライフハックの不満,印刷した資料のミスを直しにくい
1,ライフハックの不満,キーボードやマウスが汚れるのが気になる
1,ライフハックの不満,スマホの写真が多くて整理できない
1,ライフハックの不満,スパムメールが多い
1,ライフハックの不満,パスワードを忘れる
1,ライフハックの不満,ファイル名を考えるのが面倒
1,ライフハックの不満,陰謀論者が多くて困る
1,ライフハックの不満,紙の書類が見つからない。
1,ライフハックの不満,犬猫の可哀想なリール動画が何回も上がってきてしまって困る。最後は助けられて幸せになるところまで見ないと落ち着かないので、見てしまう
1,ライフハックの不満,グループワークのメンバーとの連絡手段が定まらない
1,ライフハックの不満,急な雨に傘を持っておらず濡れる
1,ライフハックの不満,病院や美容院の予約が電話のみで面倒
1,ライフハックの不満,アプリやサービスのパスワードが多すぎて覚えきれない
1,ライフハックの不満,Zoom録画がどこで共有されてるか分からず不安
1,ライフハックの不満,必要な人にアクセス権を付与せず（何年か前のファイルとか）
1,ライフハックの不満,新規アカウント作成を楽にしたい
1,ライフハックの不満,同じ画像を保存し内容にしたい
1,ライフハックの不満,最近使ってないアプリの通知
1,ライフハックの不満,直近で新しく始めたもののメモ
1,ライフハックの不満,「傘」が100年単位で進歩していない。
1,ライフハックの不満,実験条件揃えるの考えるのが面倒
1,ライフハックの不満,発表レイアウト考えるの大変
1,ライフハックの不満,目標設定がコロコロ変わる
1,ライフハックの不満,出先で雨が降られてびちゃびちゃ
1,ライフハックの不満,どうでもいいネット記事を読んで時間を溶かすのが悲しい
1,ライフハックの不満,スマホの広告がウザい。たまに記事が読めない
1,ライフハックの不満,「あれなんだっけ」を思い出したい
1,ライフハックの不満,認知症の人が見えてる世界を知りたい
1,ライフハックの不満,認知症介護者の悩みを解決したい
1,ライフハックの不満,認知症かもしれないと不安になる
1,ライフハックの不満,会話の話題作り、話題探しをしてほしい
1,ライフハックの不満,レーダーではなく、本当に今雨が降っているかを知りたい。
1,ライフハックの不満,ノートPCの持ち運びが重くて負担
1,ライフハックの不満,写真を深度合成するのが面倒でSNSに投稿していない写真が数年分溜まっている。
1,ライフハックの不満,デスクにあるマウスやキーボードが邪魔。
1,ライフハックの不満,仕事中も耳栓をしていたいが、見えない耳栓が存在しない。
1,ライフハックの不満,人とすれ違う時に右か左か決まっていると人類は幸せになれるのにと思う。
1,ライフハックの不満,車に乗り降りする時に雨に濡れる。
1,ライフハックの不満,雨の日に車のガラスが曇る。
1,ライフハックの不満,自分の感情が動く原因がわからない
1,ライフハックの不満,𝕏に時間を奪われる。
1,ライフハックの不満,カード決済をするとき、残高があとどのくらいなのかわからない
1,ライフハックの不満,雨の後、傘を干す作業が面倒
1,ライフハックの不満,雨が降ると気づかず、洗濯物を外に干す
1,ライフハックの不満,荷物を届けるときに相手が不在
1,ライフハックの不満,ネット検索で調べ物をするとき、関連する時系列のグラフやマイルストーンはあるが、それらを横断的に比較するのが手間。
1,ライフハックの不満,ゲームではキャラの強さが重視され、愛着を持って育てた初期のキャラが後半で使いづらくなる。
1,ライフハックの不満,音楽アプリでは過去の再生履歴を元におすすめが出てくるが、自分の今の気分や感情までは反映されない。
1,ライフハックの不満,PayPayの決済音を消す
1,ライフハックの不満,応援したい“推し”がいても、「どこで何をすれば応援になるのか」が分かりづらく、行動に結びつかない。
1,ライフハックの不満,実現したいアイデアがあっても、それを形にするスキルや人脈がなく、行動に移せずに終わってしまう。
1,ライフハックの不満,サブスクリプションサービスを契約したまま放置してしまい、実際に必要かどうかを見直すタイミングがない。
1,ライフハックの不満,「あとで読む」サービスに記事を保存しても、結局読まないまま情報が溜まっていく。
1,ライフハックの不満,ネット上のレビューやコメントがAIによって自動生成されたものも多く、どれが本当に人の声か見分けがつかない。
1,ライフハックの不満,Discordなどのチャットツールで会話が流れるスピードが早すぎて、重要な情報を見逃してしまう。
1,ライフハックの不満,ディープフェイク技術により、本人に成りすました偽コンテンツが簡単に作れてしまうという不安がある。
1,ライフハックの不満,SNS上での誹謗中傷が依然として多く、精神的ダメージを受ける人が後を絶たない。
1,ライフハックの不満,イベントやライブの情報がさまざまな媒体に分散しており、日程を整理して把握するのが難しい。
1,ライフハックの不満,低額だが頻度が多い出費を管理してくれるアプリが欲しい
1,ライフハックの不満,ほとんど使用していないサブスクアプリをスマホの使用時間から教えて欲しい
1,ライフハックの不満,傘を忘れた日に限って雨が降る
1,ライフハックの不満,外出時、傘を持っていくか迷う
1,ライフハックの不満,身近な人の誕生日を忘れる
1,ライフハックの不満,役割決めが決まらない
1,ライフハックの不満,発表者がいつも同じ人になってしまう
1,ライフハックの不満,パパッと遺書（軽く死の危険がある時にすぐ発行できる。例：万博行くなど）
1,ライフハックの不満,マイクロインプレッションから体調、精神状態の管理
1,ライフハックの不満,共有ファイルのアクセス権設定
1,ライフハックの不満,レシートの経費化を忘れて、印刷がかすれているので使えなくなる
1,ライフハックの不満,運動をするときにおすすめの場所やランニングコースといった場所を提示してくれるアプリが欲しい
1,ライフハックの不満,日常に刺激が欲しい
1,ライフハックの不満,椅子が硬くて疲れる
1,ライフハックの不満,定期検診（歯医者）の予約をいつ頃とったらいいかわからなくなる
1,ライフハックの不満,資料を大量にペーパーでもらった時に管理に困る
1,ライフハックの不満,ポイントカードなどをいちいち財布から取り出すのが面倒
1,ライフハックの不満,Wi-Fiがたまに途切れる
1,ライフハックの不満,スマホの通知が多すぎて大事な情報を見落とす
1,ライフハックの不満,財布の中の一円玉が溜まって処理に困る
1,ライフハックの不満,ニュースサイトやSNSを見ているうちに、何が本当に自分にとって重要なのか分からなくなり、時間を浪費してしまう。
1,ライフハックの不満,対話型AIが進化しているとはいえ、“友達”のような信頼関係までは築けず、孤独感は解消されない。
1,ライフハックの不満,読書や筋トレ、語学など自己研鑽を始めても、モチベーションが続かず途中で止まってしまう。
1,ライフハックの不満,各店舗のポイントカードが紙やアプリでバラバラになっており、使いたいときに探せず結局使わずじまいになる。
1,ライフハックの不満,Audibleの検索結果や分類が間違っていてストレス
1,ライフハックの不満,家族内で決めたルールや役割分担を忘れてしまうことが多く、どこに書いたかもバラバラで探しづらい。
1,ライフハックの不満,猫が大切なものの上に座って困る
1,ライフハックの不満,疎遠気味の友人を遊びに誘いたいが、（コロナ以降は特に）気軽に誘うのが難しくなっている。
2,移動の不便さ,始めていくような所での道のりや所要時間がわからない（前日や向かっている最中の時）
2,移動の不便さ,渋滞があるか分からない
2,移動の不便さ,駐車場で駐車位置を忘れる
2,移動の不便さ,バスや電車が満員かどうか事前に分からない
2,移動の不便さ,バスや電車の時間がアプリと実際でずれる
2,移動の不便さ,電車に乗ったとき、特定の車両だけ混雑していて乗り降りに時間がかかる。
2,移動の不便さ,電車の遅延情報がリアルタイムで分かりにくい
2,移動の不便さ,電車の空いている号車・扉の位置を知りたい
2,移動の不便さ,電車の1両ごとの混雑度を知りたい
2,移動の不便さ,雨の日など、バスが遅れているかどうかがわからない
2,移動の不便さ,渋谷のビル風が強すぎるスポットを知りたい。（サクラステージとか）
2,移動の不便さ,バスが満員で乗れないことがある
2,移動の不便さ,道が狭い
2,移動の不便さ,電車の遅延情報をすぐ知りたい
2,移動の不便さ,電車で中国語の表示があるがどう発音するのか興味がわくがすぐに調べられない
2,移動の不便さ,お花見の時に桜の種類を知りたい
2,移動の不便さ,はじめて行くところの道路が狭いか分からない
2,移動の不便さ,コインパーキングの空き状況がわからない．
2,移動の不便さ,残りのガソリンであと何キロ走れるのかが分からず、給油のタイミングで迷う。
2,移動の不便さ,見知らぬ土地でのジョギングは道がわからず、迷子になる
2,移動の不便さ,坂や信号、人の往来が少ないといった条件に基づく最適なジョギングコースがわからない
2,移動の不便さ,電車でどこの車両が空いているか知りたい
2,移動の不便さ,電車の乗り換え時、ルートがわからない
2,移動の不便さ,職場近隣の公共交通機関と道路の渋滞状況をリアルタイムで把握したい。
2,移動の不便さ,バスの中の空きスペースが不均一。→ヒートマップが欲しい（混雑状況の可視化）
2,移動の不便さ,電車内だとWi-Fiがつながりにくい
2,移動の不便さ,電車のみならずレストランなどの混雑状況を知りたい
2,移動の不便さ,エレベーターが来るのが遅い
2,移動の不便さ,電車のどの車両が空いているかわからない
2,移動の不便さ,電車遅延があるかわからない
2,移動の不便さ,エレベーターの到着が遅い
2,移動の不便さ,桜マップの穴場版。混んでいるので家の近くとか穴場の1本でもいい説
2,移動の不便さ,自転車の空気が減っていることに乗るときになって気づく
2,移動の不便さ,エレベーターで降りる階を押し忘れる
2,移動の不便さ,電車で帰宅するとき、毎回乗り換えを調べないと帰宅時間がわからない
2,移動の不便さ,バスの到着時間がずれる
2,移動の不便さ,車で狭い道を通りたくない
2,移動の不便さ,広い駅の出口がたくさんあって迷う
2,移動の不便さ,広い駅の乗り換えで迷う
2,移動の不便さ,バスの運行情報がリアルタイムではなく、時刻表通りに待たなければならない
2,移動の不便さ,自転車に乗っていると、歩数計がうまく反応しない。
2,移動の不便さ,家から最寄駅までの道路が混んでいるかを一発で確認したい。
2,移動の不便さ,移動中に使うナビゲーションアプリが現実の交通状況と乖離している
2,移動の不便さ,駐車場の空き状況が事前に確認できず、時間をロスしてしまう
2,移動の不便さ,毎日15000歩歩いているが、今の地点から片道or往復で〇〇歩の場所を知りたい。
2,移動の不便さ,駅のホームに着くまで電車の混雑具合が分からない
2,移動の不便さ,道が暗いところがある
2,移動の不便さ,駐車場が本当に空いているか分からん
2,移動の不便さ,大きい駅での乗り換えが大変
2,移動の不便さ,電車が5分遅延するとすぐ連絡があるのに、バスの遅延はあまり通知されず不安になる。
2,移動の不便さ,快速の電車の時間帯を知りたい
2,移動の不便さ,自転車置き場が満杯か行ってみないと分からない
2,移動の不便さ,買い物へ行った際、駐車した場所が分からなくなる
2,移動の不便さ,電車の乗り換えが複数回ある時、どこで乗り換えるか分からなくなる
2,移動の不便さ,一般道で制限速度で走っているとオートバイや車が追い越し禁止でも抜いていくことが多いのが無くなると良いのに
2,移動の不便さ,道路が凍っているのか凍ってないのか通行前に判断できるようになれば良いのに
2,移動の不便さ,ガソリン車でも自動駐車機能がある車があれば良いのに
2,移動の不便さ,最寄り駅から絶妙に遠い場所がある
2,移動の不便さ,電車の何両目に乗ると降りる時に便利かわからない
2,移動の不便さ,桜の咲いている公園など、その日通るべきランニングコースはどれか迷う
2,移動の不便さ,遠い会場までの経路を迷う
2,移動の不便さ,キャパが限界を超えていないか不安
2,移動の不便さ,駅周辺でイベントをやってるかどうか知りたい
2,移動の不便さ,駅の混雑状況を知りたい
2,移動の不便さ,自転車置き場で、自転車同士の密度が高い
2,移動の不便さ,ロードが長い
2,移動の不便さ,エレベーターが遅くて時間を無駄にする
2,移動の不便さ,定期込みでの電車の運賃を知りたい
2,移動の不便さ,電車の遅延がわかりたい
2,移動の不便さ,自転車の駐輪場が満車で止められない
2,移動の不便さ,都内などでファストフードに行く時駐車場があるかすぐ分からない
2,移動の不便さ,周辺のイベントを把握してなくていつも混んでない道なのに混んでることがある
2,移動の不便さ,東京駅などでかい駅での乗り換えが分かりにくい
2,移動の不便さ,電車で遅延してるのはわかるが何分遅延してるか正確にわからない
2,移動の不便さ,パーキングの混雑度が行ってみなきゃわからない
2,移動の不便さ,電車を乗り間違えに暫く気が付かず、遠くまで移動してしまう
2,移動の不便さ,空いている時に電車に乗車しても、満員になると不快になる
2,移動の不便さ,カーシェアで、車を乗り捨てできない
2,移動の不便さ,犬の散歩ルートに困る。同じ道ばかり気が付けば歩いている。
2,移動の不便さ,バス停の場所がわかりずらい
2,移動の不便さ,乗る電車の確認
2,移動の不便さ,空いている駐輪場の確認
3,外出時の不満,おすすめの場所が多くて決まらない
3,外出時の不満,旅行でどこ行ったらいいか分からない
3,外出時の不満,居酒屋等ご飯を食べに行ったときに割り勘以外お会計の計算がめんどくさい
3,外出時の不満,道にトイレが少ない
3,外出時の不満,大学のトイレが混んでいて急いでいるときに困る
3,外出時の不満,カフェの電源席が空いているか行ってみないと分からない
3,外出時の不満,自販機で買いたい飲み物が売り切れだった
3,外出時の不満,友達と集まる時、店選びが毎回めんどくさい
3,外出時の不満,喫煙可能な場所がわからない．
3,外出時の不満,野球場の飲食店の混雑状況がわからない．
3,外出時の不満,どこの自動販売機がPayPay使えるか分からない
3,外出時の不満,カラオケに行くときに部屋の空き情報がわからない
3,外出時の不満,外で急にトイレに行きたくなった場合、コンビニによってはトイレがなくて困る
3,外出時の不満,喫煙所があるところを知りたい
3,外出時の不満,飲み会のスケジュール調整
3,外出時の不満,友人と行った旅行の現地で各々支払った金額の割り勘が面倒
3,外出時の不満,学食が混んでて座れない
3,外出時の不満,旅行が計画通り行かなかった時のスケジュール調整が難しい
3,外出時の不満,キャンパス内の自販機に何が入っているか遠くからわからない．
3,外出時の不満,学食の混雑状況がリアルタイムでわからない．
3,外出時の不満,ランニングで普段と違うルートだと、どこにトイレがあるかすぐにわからない
3,外出時の不満,ランニングが終わる時に、聞いている音声メディアのコンテンツがいいところなので、やむを得ず遠回りする
3,外出時の不満,歩きタバコをしている人の煙がこちらに向かってきていることを事前にわかると良いのに
3,外出時の不満,車から漏れていたり歩きタバコなどで漂って残っている煙の臭いがある場所が事前にわかると良いのに
3,外出時の不満,居酒屋での酒注文がスムーズにいかないことがある
3,外出時の不満,ガムを吐き出す場所に困る
3,外出時の不満,食堂が混んでいるかどうかが分からない
3,外出時の不満,"wifi,電源カフェの空席情報を店舗横断で探したい"
3,外出時の不満,カラオケのお店で機種ごとの混雑度が分からない
3,外出時の不満,学食が空いている時間を知りたい。
3,外出時の不満,犬のうんちを踏んでしまった時のストレス
3,外出時の不満,他人のおならを嗅いでしまった時の不快感
3,外出時の不満,オフィスでエスプレッソを淹れていると変人扱いされる。
3,外出時の不満,お気に入りの鯛焼き屋があるが、遠方なのであらかじめ混雑状況を知りたい。
3,外出時の不満,駅の改札内と改札外のトイレなど、場所によってトイレの混雑状況に差があり、たまにめっちゃ混む
3,外出時の不満,アルコールを飲んだ人、飲まない人を区分して飲食代を計算したい
3,外出時の不満,どこのサウナ行くか迷った時に空いてる方に行きたいがサウナの混雑度が分からない
3,外出時の不満,都内などでトイレ行きたくてコンビニ寄ったのにトイレがない
3,外出時の不満,移動した交通費を精算するプログラム
3,外出時の不満,多くのラーメン屋で電子決済ができない
3,外出時の不満,食堂の食券売り場が混雑している
3,外出時の不満,飛行機などのセールが始まるのが会社によってバラバラで忘れてしまったり時間によっては購入できないことがある
3,外出時の不満,カフェや図書館が満席で勉強できない
3,外出時の不満,旅行先で友達を作りたい
3,外出時の不満,飲み会で誰が支払ってて誰がまだ支払ってないか分からない
3,外出時の不満,カフェの電源席が空いてるか行ってみないと分からない
3,外出時の不満,ハンバーガーのサイズがいまいちどのぐらいなのかが分かりずらい
3,外出時の不満,飲み会で割り勘する時にキリのいい数字で割り勘するのが難しい
3,外出時の不満,コンビニでレジに並ぶ時間が長い
3,外出時の不満,学食が混んでいて入るまでに時間がかかる
3,外出時の不満,カフェの電源席が空いているかどうか行ってみないと分からない
3,外出時の不満,コーヒーを淹れる時に豆の量に対してどれくらいのお湯を注げばいいのかわからなくなる時がある。
3,外出時の不満,旅行先のいいところ調べるのが面倒
3,外出時の不満,美味しい地酒の名前と成分すぐ忘れる
3,外出時の不満,社員の外国出張の費用計算をする時に、現地空港から主要都市への公共交通機関を調べるのが面倒。
3,外出時の不満,1日の予定、用事の順番とルート（荷物、移動距離、回遊性考慮してくれる。途中で行きたいリストからカフェも入れる。）
3,外出時の不満,学食のメニューで人気商品はすぐに売り切れる
3,外出時の不満,学食がとても混雑する
3,外出時の不満,レジが混雑して面倒
3,外出時の不満,キャッシュレス決済不可な自動販売機
3,外出時の不満,外にいるときにトイレに行きたくなった場合、公衆トイレの場所などを迅速に知りたい
3,外出時の不満,旅行基本情報がほしい。重いガイドブックを持ちたくない、Web情報だとページを出すまで面倒で通信が切れたら困る
3,外出時の不満,旅行前の準備で忘れ物がないか不安
3,外出時の不満,学内のトイレが混んでいて空きを探すのが大変
3,外出時の不満,ベンチが少ない
3,外出時の不満,レストランのメニューの料理名、聞かないとわからないものがあり面倒な時がある
3,外出時の不満,GoogleMAPの徒歩経路、最短距離じゃなくて、歩いて楽しい、消費カロリーが高いなど好みのルートを候補にあげてくれたなら。
3,外出時の不満,飲食店の待ち時間が行かないとわからない
3,外出時の不満,ラーメン屋のティッシュが取りづらい
3,外出時の不満,自販機のお釣りの受け取り口がわかりづらい
3,外出時の不満,コンビニのレジ待ちが長い
3,外出時の不満,電源が少ないカフェが多い
3,外出時の不満,トイレの空き状況がわからない
3,外出時の不満,旅行先での服装に迷う
3,外出時の不満,外食でお店の混雑具合がわからない
3,外出時の不満,トイレの混雑状況などを知りたい
3,外出時の不満,食堂が混みすぎていて座れないことが多い。
3,外出時の不満,学食のメニューが毎日同じで飽きる
3,外出時の不満,カフェや施設のWi-Fiが不安定で使いづらい。
3,外出時の不満,学食の混雑状況がわからない
3,外出時の不満,学校のカフェテリアの混雑度が事前に把握できず、着席までに待たされる
3,外出時の不満,水欲しい時に買う場所がない
3,外出時の不満,カフェの電源席の空席状況が事前に分からず、直接足を運ぶ必要がある
3,外出時の不満,学内の個室トイレの空き状況がわからない
3,外出時の不満,飲食店の予約システムが不安定で、実際の待ち時間と予約状況に差がある
4,モバイルデバイスの不便,イヤホンの充電をし忘れる
4,モバイルデバイスの不便,パソコンの充電スペースが足りない
4,モバイルデバイスの不便,スマホのバッテリーが足りなくなり、コンビニで充電器を購入することになる
4,モバイルデバイスの不便,レンタル充電器がスマホの充電が切れてると借りられないのが不便
4,モバイルデバイスの不便,電気自動車の充電中の時間を効率的に使いたい。
4,モバイルデバイスの不便,イヤホンを無くしてしまう
4,モバイルデバイスの不便,歩きスマホをしている人が危ない（安全に歩きスマホできると良い）
4,モバイルデバイスの不便,外出予定時間と持ち歩く電子デバイスの充電タイミングが噛み合わない
4,モバイルデバイスの不便,ハザードランプの出しっぱなしでバッテリーが上がることがある
4,モバイルデバイスの不便,スマホの充電コードがすぐ断線する
4,モバイルデバイスの不便,スマホの充電コードが届かない位置にある
4,モバイルデバイスの不便,スマートフォンのバッテリーがすぐに切れてしまい、充電場所の確認が必要になる
4,モバイルデバイスの不便,ZoomのマイクON/OFF切り替え忘れる
4,モバイルデバイスの不便,使えるコンセントのある場所がわからない
4,モバイルデバイスの不便,スマホだけ持って出かけようとすると免許証を忘れて不携帯状態になってしまう
4,モバイルデバイスの不便,ワイヤレスイヤホンが行方不明になる
5,学校生活の不便,インシデント訓練を劇場型で面白く行いたい
5,学校生活の不便,休日にインシデントが発生した際の対応・連絡を効果的に行いたい
5,学校生活の不便,行ったコンサートの記録が面倒であきらめている
5,学校生活の不便,読んだ本、内容を忘れる
5,学校生活の不便,それぞれの曜日で最初の講義の時間がバラバラで確認が大変
5,学校生活の不便,講義資料が沢山あってまとめられない
5,学校生活の不便,講義の課題の締め切りがそれぞれあってこんがらがる
5,学校生活の不便,自習室の混雑状況がわからない
5,学校生活の不便,課題が提出できているか不安
5,学校生活の不便,終わったタスクが消えるやることリスト
5,学校生活の不便,リモートと出社のハイブリッド。出社してる社員の顔ぶれを見て出社日をきめられたら。
5,学校生活の不便,フリーアドレスのオフィス。どの席が空いているかわからない。
5,学校生活の不便,アカウント側でロックされてるのに、授業で必要な機能がある
5,学校生活の不便,図書館が閉館日であることを忘れてしまってきてしまった
5,学校生活の不便,課題が終わってるかどうかが不安
5,学校生活の不便,院進の日程がわからなくて怖い
5,学校生活の不便,実験結果の記録を忘れてしまう
5,学校生活の不便,大学のWi-Fiが弱い場所がある
5,学校生活の不便,急な休講に気づかない
5,学校生活の不便,勉強スペースが空いているかどうか分からない
5,学校生活の不便,同じような名前の課題ファイルで混乱する
5,学校生活の不便,課題の提出有無を忘れる
5,学校生活の不便,勉強中にスマホをいじってしまう
5,学校生活の不便,実験室の装置が予約で埋まっているか現地で確認しないといけない
5,学校生活の不便,講義の課題提出日を忘れがち
5,学校生活の不便,学校のWi-Fiがすぐ切れる
5,学校生活の不便,サークルや研究室の予定がバラバラで調整しづらい
5,学校生活の不便,キャンパス内の静かに勉強できる場所を見つけるのが難しい．
5,学校生活の不便,オンライン授業と対面授業が混在する日のキャンパス移動が大変．
5,学校生活の不便,学内での落とし物の問い合わせシステムが効率的でない．
5,学校生活の不便,奨学金や助成金の申請情報がわかりにくい．
5,学校生活の不便,図書館の本がどこにあるか探すのに時間がかかる．
5,学校生活の不便,課題を提出したかわからない．不安になる．
5,学校生活の不便,英語論文を読むのが難しい．
5,学校生活の不便,授業で使う資料が急に変更される
5,学校生活の不便,研究室のスケジュールが急に変わるのに伝わらない
5,学校生活の不便,ノートを家に忘れて復習できない
5,学校生活の不便,授業の内容が難しすぎて家で復習が必須
5,学校生活の不便,レポートの提出期限をうっかり忘れる
5,学校生活の不便,使われてない教室が空いているかどうか分からない
5,学校生活の不便,授業の空きコマに使える場所がすぐ見つからない
5,学校生活の不便,課題の量が多くて優先順位がつけづらい
5,学校生活の不便,授業中にスマホをいじってるとノートがとれない
5,学校生活の不便,市役所に行かないと手続きできないのがめんどくさい
5,学校生活の不便,義務教育の申込書がアナログでめんどくさい
5,学校生活の不便,インターン情報を一目で見たい
5,学校生活の不便,企業説明会などのスケジュールを一元管理できたら便利
5,学校生活の不便,就活の情報をシェアしたい
5,学校生活の不便,突然増えた残業がつらい
5,学校生活の不便,ルーティーン作業が形骸化してしまう
5,学校生活の不便,研究発表会の質疑応答が活発化しない
5,学校生活の不便,毎回アンケートに答えるのが大変
5,学校生活の不便,日本だけでなく海外のYouTubeが英語がわからなくて見れない。まずは英語を勉強したい
5,学校生活の不便,得た情報を読むのが大変。最近は本を読むことすら遅くなった。
5,学校生活の不便,講義の録音・録画が許可されず、後から復習するのが難しい．
5,学校生活の不便,教授のオフィスアワーが自分の空き時間と合わない．
5,学校生活の不便,公開予定表に空きがあると会議を入れられてしまう
5,学校生活の不便,英単語の似ているものを覚えるのが大変
5,学校生活の不便,子供が、デジタルツールを使いつつ、自然に触れる大切さを知る必要がある
5,学校生活の不便,デジタルと自然を両立した子ども向け教育法が乏しい
5,学校生活の不便,教材動画が長く、集中が続かない。短い動画が求められている
5,学校生活の不便,学生時代に学んだ内容が将来どう活きるか見えにくい
5,学校生活の不便,スペルが似ている英単語の識別が難しい
5,学校生活の不便,学習内容が整理されず、復習の仕組みがない
5,学校生活の不便,出席と勤怠管理が異なること
5,学校生活の不便,今日の自分の体力に見合った労働時間が何時間なのかがわからない
5,学校生活の不便,同じ授業を履修している知り合いの確認
5,学校生活の不便,未提出の課題の確認
5,学校生活の不便,会議の録画や録音を見返したり聞き返すのが大変。録音してもiPhoneの容量を食わせて終わってることが多いの。
5,学校生活の不便,成績が学期末にならないとちゃんと分からない
5,学校生活の不便,授業で分からないところがあったときに授業中すぐには聞けない
5,学校生活の不便,授業中に先生までの距離が遠くて発言や質問しづらいことがある
5,学校生活の不便,短時間単発のバイトをしたいが内容が大変だったり遠かったりでなかなか条件に合う仕事がない
5,学校生活の不便,テストや課題の計画を立てて、それに沿って効率よく勉強したいがその計画を立てる時間がない。また最も効率の良い計画を立てるのが難しい
5,学校生活の不便,スケジュール決めるときに保留になると約束そのものを忘れる
5,学校生活の不便,時間の使い方が下手
5,学校生活の不便,1日の記録を残すのが面倒
5,学校生活の不便,1日のスケジュールを考えるのが面倒くさい
5,学校生活の不便,デスクワークが長引いた時に定期的な通知などでストレッチを促して欲しい。
5,学校生活の不便,長いデスクワークをした時の疲労度を知りたい。
5,学校生活の不便,息子の算数力アップのために3つの数字の足し算の練習を楽しくやってもらいたい。
5,学校生活の不便,社員の月間シフト表が自動的に組まれたらいいのに。
5,学校生活の不便,社内で研修をする時の配席表が自動的に作成されたらいいのに。
5,学校生活の不便,息子のくもんの算数の答えが間違っていた時にどうして間違えたのかの分析をするのが大変。
5,学校生活の不便,息子のくもんの算数の答え合わせが面倒。
5,学校生活の不便,議事録：LINEアカウントとプロダクトの連携
5,学校生活の不便,就活情報が整理できない
5,学校生活の不便,授業でUSBを使用した後抜き忘れる
5,学校生活の不便,授業に必要なものを忘れる
5,学校生活の不便,次の授業が何時からか忘れる
5,学校生活の不便,次の授業がどの教室か忘れる
5,学校生活の不便,課題を出し忘れる
5,学校生活の不便,本を借りるために図書館まで移動するのが面倒
5,学校生活の不便,課題を全て提出したか不安になる
5,学校生活の不便,自分が取得した資格を忘れる
5,学校生活の不便,英単語の発音に迷う
5,学校生活の不便,英文の精読時に品詞に迷う
5,学校生活の不便,社内の図書貸出がアレになっている
5,学校生活の不便,読書会で紹介してもらった本、誰が紹介してくれたか集計
5,学校生活の不便,課題の提出期限がわからなくなる時がある
5,学校生活の不便,授業資料や課題の提出先が科目ごとに異なるプラットフォームで混乱する
5,学校生活の不便,ノートPCのバッテリーが授業中に切れそうになる
5,学校生活の不便,履修登録期間を忘れてしまう
5,学校生活の不便,資料をプリントアウトし忘れて授業に行ってしまう
5,学校生活の不便,スマホの通知音が授業中に鳴ってしまう
5,学校生活の不便,長時間のオンライン授業で目が疲れる
5,学校生活の不便,図書館で借りたい本が誰かに借りられている
5,学校生活の不便,オンラインと対面授業が混在する日のスケジュール管理が難しい
5,学校生活の不便,自習室で静かな席を見つけるのに時間がかかる
5,学校生活の不便,教室移動の際に次の教室の場所をいつも忘れてしまう
5,学校生活の不便,講義室についたらペンの芯がなくなっていることに気づく
5,学校生活の不便,レポート作成時に必要な参考文献をどこにメモしたか忘れる
5,学校生活の不便,課題の締め切り、やったかどうかを一覧で管理したい
5,学校生活の不便,大学の講義について、みんなの評価や感想を気軽に知る方法がない。
5,学校生活の不便,授業の進度がクラス全体に合っておらず、早すぎたり遅すぎたりする。
5,学校生活の不便,授業中に質問しにくい雰囲気があり、疑問があっても聞けない。
5,学校生活の不便,先生が板書しているとき、手元や書いた履歴が見えず、資料の読み取りなどに苦労する。
5,学校生活の不便,なんの課題をいつやればいいのか、スケジュールを立てるのがめんどくさい。
5,学校生活の不便,バイトの日程をいちいちカレンダーに入れるのがめんどくさい。
5,学校生活の不便,自分のやりたいことをスケジュール化するのが難しい。
5,学校生活の不便,電話会議やオンラインミーティングで接続が切れたり、音声が乱れたりする
5,学校生活の不便,学内の図書館や自習室の空席情報が分からず、利用可能かどうか判断しづらい
5,学校生活の不便,大学のWi-Fiの接続状況が安定せず、ネット環境が心配になる
5,学校生活の不便,学校の掲示板や連絡網で情報が散らばり、必要な情報が見つけにくい
5,学校生活の不便,オンライン授業中に音声や映像が途切れる、通信の不具合が起こる
5,学校生活の不便,課題や提出物を送信したかどうか、確認できるシステムがない
5,学校生活の不便,授業で出席確認が面倒
5,学校生活の不便,授業スライドのダウンロードが面倒
5,学校生活の不便,学校のWi-Fiが途切れやすい
5,学校生活の不便,海外ゲームの翻訳をしながら英語の勉強をしたい
5,学校生活の不便,課題をやる予定をうまく立てられない
5,学校生活の不便,授業の教室確認に手間がかかる
5,学校生活の不便,大学内の掲示情報が紙ベースで探しづらい
5,学校生活の不便,プレゼンのとき、プロジェクターの接続トラブルが多い
5,学校生活の不便,授業で出席を紙でとる場合、忘れやすい
5,学校生活の不便,提出期限がいつまでかわからない
5,学校生活の不便,オンライン授業の音声や映像が途切れる
5,学校生活の不便,先生に質問しにくい（特に大人数授業）
5,学校生活の不便,教科書が高すぎる
5,学校生活の不便,成績や単位の反映が遅い
5,学校生活の不便,履修登録システムが使いづらい・重い
5,学校生活の不便,教室の場所が分かりにくくて迷う
5,学校生活の不便,レポートの提出フォーマットが授業ごとにバラバラ
5,学校生活の不便,大学のWi-Fiが弱くてオンライン授業や調べ物がしにくい
5,学校生活の不便,空きコマの時間が中途半端で有効活用しづらい
5,学校生活の不便,学割に必要な書類が学校でしか印刷できない
5,学校生活の不便,授業確認のためにいちいちmanabaやCITポータルを開かないといけないのが大変
5,学校生活の不便,街中にある言葉で英語でなんて言うんだろうと思ってもすぐわからない
5,学校生活の不便,授業の内容をメモするときスマホを使うと怪しまれる
5,学校生活の不便,どの授業でどんな課題が出ているか把握しにくい
5,学校生活の不便,友達に講義資料を頼むのが気まずい
5,学校生活の不便,講義の出席確認が紙で効率が悪い
5,学校生活の不便,スマホの充電が講義中に切れるが、電源席が少ない
5,学校生活の不便,講義の教室変更が分かりづらい
5,学校生活の不便,自習室の空き状況が分からない
5,学校生活の不便,Wi-Fiの接続が教室によって不安定
5,学校生活の不便,授業の休講・補講の連絡が遅い
5,学校生活の不便,講義資料が配布される媒体がバラバラで管理しづらい
5,学校生活の不便,学校の課題提出を忘れがち
5,学校生活の不便,相手がどこの国の人か分からない
5,学校生活の不便,言語が通じない時
5,学校生活の不便,相手が英語通じない
5,学校生活の不便,研究室やゼミでの連絡がLINEや口頭で属人化している
5,学校生活の不便,講義動画が倍速再生できない or スマホで見にくい
5,学校生活の不便,複数の課題やテストの締切をひと目で管理できない
5,学校生活の不便,時間割を自分で決めないといけない
5,学校生活の不便,普通の授業じゃなく、ゼミなどの出席の管理ができない
5,学校生活の不便,千葉工大の学生証が身分証として使えない
5,学校生活の不便,課題が提出できているか分からない（このシステムもできているか分からない）
